date,description,account,amount,assigned_category
2021-08-30,CHECKCARD 0828 ODU RECREATION AND WELL 757-683-3384 VA 24431061241207088500104 RECURRING,bofa_6420,50.00,personal_purchases
2021-09-01,Zelle Transfer Conf# oshe6aqyl; Manish ODU,bofa_6420,478.17,transfers_to_others
2021-09-01,Zelle Transfer Conf# nlu3uol4n; Vineeth ODU,bofa_6420,22.51,transfers_to_others
2021-09-07,Zelle Transfer Conf# o4p1mplqd; DHEERAJ REDDY,bofa_6420,963.00,transfers_to_others
2021-09-07,MOBILE PURCHASE 0907 7-ELEVEN NORFOLK VA,bofa_6420,60.00,personal_purchases
2021-09-08,THE FRESH MARK 09/08 #000014242 MOBILE PURCHASE 924 WEST 21ST STR NORFOLK VA,bofa_6420,28.31,personal_purchases
2021-09-09,CHECKCARD 0908 THE VAULT NORFOLK VA 24431061252091621000228,bofa_6420,56.66,personal_purchases
2021-09-13,Zelle Transfer Conf# u7rwd7vkc; Anirudh,bofa_6420,670.00,transfers_to_others
2021-09-13,Zelle Transfer Conf# zt0pgdddp; Anirudh,bofa_6420,30.00,transfers_to_others
2021-09-14,CHECKCARD 0912 DEL VECCHIOS NORFOLK VA 24733091256091675002953,bofa_6420,23.61,personal_purchases
2021-09-14,Zelle Transfer Conf# xdhhpvh4v; Manish ODU,bofa_6420,233.29,transfers_to_others
2021-09-20,CHECKCARD 0917 BIERGARTEN HAUS 202-3884053 DC 24000971262260302255117,bofa_6420,33.00,alcohol_or_parties
2021-09-24,Zelle Transfer Conf# zw1zzz3f3; Manish ODU,bofa_6420,34.89,transfers_to_others
2021-09-28,CHECKCARD 0926 DEL VECCHIOS NORFOLK VA 24733091270091678002598,bofa_6420,26.12,personal_purchases
2021-09-29,Zelle Transfer Conf# k3y4yuh1c; Manish ODU,bofa_6420,276.77,transfers_to_others
2021-10-01,OLD DOMINION UN DES:WEB PAYMNT ID:556618 INDN:VENKATA SAI ABHIRAM AD CO ID:2546000884 WEB,bofa_6420,75.00,rent_housing
2021-10-06,CHECKCARD 1005 HUND`S RECYCLE FACTORY NORFOLK VA 24412901278027012706205,bofa_6420,80.60,personal_purchases
2021-10-07,Zelle Transfer Conf# iaotzk8kj; Manish ODU,bofa_6420,23.36,transfers_to_others
2021-10-12,MOBILE PURCHASE 1007 ARAMARK MONARCH DINING NORFOLK VA,bofa_6420,37.31,personal_purchases
2021-10-13,Zelle Transfer Conf# l7enaavom; Anirudh,bofa_6420,3500.00,transfers_to_others
2021-10-14,MOBILE PURCHASE 1012 CHICK-FIL-A #01151 CHRISTIANSBRGVA,bofa_6420,33.79,personal_purchases
2021-10-15,Zelle Transfer Conf# whfryj816; Anirudh,bofa_6420,2175.00,transfers_to_others
2021-10-15,Zelle Transfer Conf# i4xdqkbou; Manish ODU,bofa_6420,50.00,transfers_to_others
2021-10-25,Zelle Transfer Conf# sy4j9e5ei; Manish ODU,bofa_6420,29.61,transfers_to_others
2021-10-25,Zelle Transfer Conf# x3fzs76tj; Manish ODU,bofa_6420,233.33,transfers_to_others
2021-10-29,ROYAL BAZAAR 10/29 #000002653 MOBILE PURCHASE 415 NORTH MILITAR NORFOLK VA,bofa_6420,50.28,groceries
2021-10-29,COSTCO WHSE #0 10/29 #000823780 PURCHASE COSTCO WHSE #0202 NORFOLK VA,bofa_6420,303.35,groceries
2021-11-15,MOBILE PURCHASE 1112 THE DIRTY BUFFALO COL 757-9373975 VA,bofa_6420,47.55,personal_purchases
2021-11-22,Zelle Transfer Conf# unjdv3gjz; Manish ODU,bofa_6420,343.74,transfers_to_others
2021-11-26,Zelle Transfer Conf# tut0n8vup; Manish ODU,bofa_6420,50.53,transfers_to_others
2021-11-29,MOBILE PURCHASE 1125 COUNTRY OVEN HERNDON VA,bofa_6420,34.73,personal_purchases
2021-12-06,CHECKCARD 1204 WANDERU*WANDACOACH HTTPSWWW.ILIKMD 24011341339000002250378,bofa_6420,46.99,personal_purchases
2021-12-09,MOBILE PURCHASE 1207 DOMINO'S 4231 NORFOLK VA,bofa_6420,26.96,personal_purchases
2021-12-15,Zelle Transfer Conf# n4uj7j4qi; Vineeth ODU,bofa_6420,32.05,transfers_to_others
2021-12-20,Zelle Transfer Conf# hh9f9dcq8; sai krishna,bofa_6420,110.74,transfers_to_others
2021-12-20,Zelle Transfer Conf# nu2om95kh; Pavani ODU,bofa_6420,26.93,transfers_to_others
2021-12-21,CHECKCARD 1219 SMOKE CITY CONVENIENCE NEW YORK NY 24551941354030026770450,bofa_6420,26.00,personal_purchases
2021-12-21,CHECKCARD 1219 MTA*METROCARD MACHINE NEW YORK NY 24692161354100071280435,bofa_6420,34.00,alcohol_or_parties
2021-12-21,Zelle Transfer Conf# jy3bx97c1; Manish ODU,bofa_6420,54.85,transfers_to_others
2021-12-22,CHECKCARD 1222 HCW TIMES SQUARE NEW YORK NY 24692161356100664170975,bofa_6420,40.28,personal_purchases
2021-12-22,CHECKCARD 1221 BURGER MAN INC MANHATTAN NY,bofa_6420,20.85,personal_purchases
2021-12-22,CHECKCARD 1221 MCDONALD'S M2008 OF NY NEW YORK NY 24427331355720235419254,bofa_6420,57.74,personal_purchases
2021-12-22,Zelle Transfer Conf# p1coms298; Pavani ODU,bofa_6420,30.94,transfers_to_others
2021-12-22,Zelle Transfer Conf# ocreulcd0; Vineeth ODU,bofa_6420,233.33,transfers_to_others
2021-12-23,CHECKCARD 1221 NEW YORK GIFTS - NZ0 NEW YORK NY 24426291356030041578574,bofa_6420,29.39,personal_purchases
2021-12-24,CHECKCARD 1224 BLARNEY STONE NEW YORK NY 24767251358000000619387,bofa_6420,50.00,alcohol_or_parties
2021-12-27,CHECKCARD 1223 MAD FOR CHICKEN 718-5946130 NY 24246661358900014900080,bofa_6420,65.11,personal_purchases
2021-12-27,CHECKCARD 1224 LOLAVIE LLC HTTPSWWW.LOLAFL 24011341358000037004069,bofa_6420,61.48,personal_purchases
2021-12-28,PURCHASE 1227 TARGET.COM * 800-591-3869 MN,bofa_6420,21.89,groceries
2022-01-03,MOBILE PURCHASE 1231 COUNTRY OVEN HERNDON VA,bofa_6420,72.91,personal_purchases
2022-01-03,Zelle Transfer Conf# ktdxuxl4e; Anirudh,bofa_6420,1500.00,transfers_to_others
2022-01-03,Zelle Transfer Conf# jlbn6qlu1; Anirudh,bofa_6420,1500.00,transfers_to_others
2022-01-03,Zelle Transfer Conf# xkpph8od7; Anirudh,bofa_6420,2000.00,transfers_to_others
2022-01-10,CHECKCARD 0108 ODU RECREATION AND WELL 757-683-3384 VA 24431062009207088500070 RECURRING,bofa_6420,30.00,personal_purchases
2022-01-10,CHECKCARD 0108 ODU RECREATION AND WELL 757-683-3384 VA 24431062009207088500013 RECURRING,bofa_6420,30.00,personal_purchases
2022-01-10,CHECKCARD 0108 ODU RECREATION AND WELL 757-683-3384 VA 24431062009207088500096 RECURRING,bofa_6420,50.00,personal_purchases
2022-01-10,CHECKCARD 0108 ODU RECREATION AND WELL 757-683-3384 VA 24431062009207088500195 RECURRING,bofa_6420,250.00,personal_purchases
2022-01-11,MOBILE PURCHASE 0109 STERLING SMOKE STERLING VA,bofa_6420,25.63,personal_purchases
2022-01-11,Zelle Transfer Conf# tg0huqk36; Anirudh,bofa_6420,1500.00,transfers_to_others
2022-01-12,CHECKCARD 0112 GENEPACE SOLUTIONS 317-517-7000 IN 24692162012100363493086,bofa_6420,75.00,personal_purchases
2022-01-12,Zelle Transfer Conf# nqoccxxur; Anirudh,bofa_6420,1000.00,transfers_to_others
2022-01-18,Zelle Transfer Conf# jx4hjm1x9; Anirudh,bofa_6420,300.00,transfers_to_others
2022-01-24,Zelle Transfer Conf# idq4re1jo; Manish ODU,bofa_6420,246.25,transfers_to_others
2022-01-26,MOBILE PURCHASE 0125 THE VAULT NORFOLK VA,bofa_6420,20.60,personal_purchases
2022-01-31,MOBILE PURCHASE 0127 DOMINO'S 4231 NORFOLK VA,bofa_6420,35.96,personal_purchases
2022-02-01,MOBILE PURCHASE 0131 ARAMARK ODU CHICK FIL A NORFOLK VA,bofa_6420,20.14,personal_purchases
2022-02-02,CHECKCARD 0202 ALKARAK INC NORFOLK VA,bofa_6420,22.25,personal_purchases
2022-02-07,CHECKCARD 0203 COGAN'S NORTH NORFOLK VA 24145722035900016061017,bofa_6420,168.73,personal_purchases
2022-02-08,OLD DOMINION UN DES:WEB PAYMNT ID:591061 INDN:VENKATA SAI ABHIRAM AD CO ID:2546000884 WEB,bofa_6420,75.00,rent_housing
2022-02-10,Zelle Transfer Conf# k6rtyk9hn; Manish ODU,bofa_6420,150.00,transfers_to_others
2022-02-11,Zelle Transfer Conf# spx9wp5kw; Manish ODU,bofa_6420,1009.99,transfers_to_others
2022-02-14,CHECKCARD 0210 ETIHAD AIRW 60721424671 877-6900767 IA 24648592043368001102015,bofa_6420,1133.83,personal_purchases
2022-02-14,CHECKCARD 0212 ALKARAK INC NORFOLK VA,bofa_6420,22.25,personal_purchases
2022-02-17,ROYAL BAZAAR 02/17 #000017683 PURCHASE 415 NORTH MILITAR NORFOLK VA,bofa_6420,94.71,groceries
2022-02-17,CHECKCARD 0217 ANAS MJL INC NORFOLK VA,bofa_6420,20.31,personal_purchases
2022-02-17,Zelle Transfer Conf# tzcbmq5y3; Vineeth ODU,bofa_6420,271.29,transfers_to_others
2022-02-25,MOBILE PURCHASE 0225 ALKARAK INC NORFOLK VA,bofa_6420,22.25,personal_purchases
2022-02-28,MOBILE PURCHASE 0226 CHICK-FIL-A #01857 WILLIAMSBURG VA,bofa_6420,24.79,personal_purchases
2022-02-28,Zelle Transfer Conf# kswf2dpvk; Manish ODU,bofa_6420,86.89,transfers_to_others
2022-03-07,Zelle Transfer Conf# tmhojtqwf; Vineeth ODU,bofa_6420,47.34,transfers_to_others
2022-03-14,Zelle Transfer Conf# hqa39q1gc; Sai Vikram ODU,bofa_6420,47.25,transfers_to_others
2022-03-21,Zelle Transfer Conf# ot30nnd3l; Robin,bofa_6420,42.00,transfers_to_others
2022-03-23,Zelle Transfer Conf# kgdt5mqkr; Divya ODU,bofa_6420,29.79,transfers_to_others
2022-03-31,Zelle Transfer Conf# sxhmo7ttw; Vineeth ODU,bofa_6420,200.54,transfers_to_others
2022-04-11,DISCOVER DES:E-PAYMENT ID:4039 INDN:ADDEPALLI ABHIRAM CO ID:2510020270 WEB,bofa_6420,1352.67,debit_to_cc_payments
2022-04-13,DISCOVER DES:E-PAYMENT ID:4039 INDN:ADDEPALLI ABHIRAM CO ID:2510020270 WEB,bofa_6420,229.06,debit_to_cc_payments
2022-04-26,Zelle Transfer Conf# katymrthx; Sai Vikram ODU,bofa_6420,38.44,transfers_to_others
2022-04-26,Zelle Transfer Conf# lk6fahjm7; Sanjana ODU,bofa_6420,49.66,transfers_to_others
2022-04-26,Zelle Transfer Conf# k68763xpw; Vineeth ODU,bofa_6420,233.33,transfers_to_others
2022-04-29,Zelle Transfer Conf# gjv17riyw; Manish ODU,bofa_6420,132.79,transfers_to_others
2022-05-06,Zelle Transfer Conf# lznnes6uk; sai krishna,bofa_6420,47.24,transfers_to_others
2022-05-09,CHECKCARD 0507 CHICK-FIL-A #03185 DUMFRIES VA 24427332128710020662279,bofa_6420,28.91,personal_purchases
2022-05-10,DISCOVER DES:E-PAYMENT ID:4039 INDN:ADDEPALLI ABHIRAM CO ID:2510020270 WEB,bofa_6420,555.77,debit_to_cc_payments
2022-05-18,Zelle Transfer Conf# m6g9jy6hg; Vineeth ODU,bofa_6420,700.00,transfers_to_others
2022-08-15,Zelle Transfer Conf# hfr3y7dnm; Promod Bhayya,bofa_6420,400.00,transfers_to_others
2022-08-22,USPS PO 516518 08/22 #000330346 PURCHASE USPS PO 51651800 NORFOLK VA,bofa_6420,38.17,personal_purchases
2022-08-29,DISCOVER DES:E-PAYMENT ID:4039 INDN:ADDEPALLI ABHIRAM CO ID:2510020270 WEB,bofa_6420,396.82,debit_to_cc_payments
2022-08-31,"Rose and Womble, DES:WEB PMTS ID:Q2YDB6 INDN:Venkata Sai Abhiram Ad CO ID:9000669961 WEB",bofa_6420,845.00,rent_housing
2022-09-07,Zelle Transfer Conf# kq7sxrgf4; Bhanu Boga,bofa_6420,36.77,transfers_to_others
2022-09-08,DISCOVER DES:E-PAYMENT ID:4039 INDN:ADDEPALLI ABHIRAM CO ID:2510020270 WEB,bofa_6420,216.65,debit_to_cc_payments
2022-09-09,MOBILE PURCHASE 0908 7-ELEVEN 19345 NORFOLK VA,bofa_6420,22.77,personal_purchases
2022-09-14,DISCOVER DES:E-PAYMENT ID:4039 INDN:ADDEPALLI ABHIRAM CO ID:2510020270 WEB,bofa_6420,136.90,debit_to_cc_payments
2022-09-15,CHECKCARD 0914 AMTRAK NRTHEAST CAFE Q1 WASHINGTON DC 24941442257081509001620,bofa_6420,22.00,personal_purchases
2022-09-16,Zelle Transfer Conf# iz9q6fn4m; Anirudh,bofa_6420,300.00,transfers_to_others
2022-09-16,Zelle Transfer Conf# hh5biebow; RAHUL REDDY,bofa_6420,70.00,transfers_to_others
2022-09-21,Zelle Transfer Conf# i4mmf5zz5; Divya ODU,bofa_6420,35.75,transfers_to_others
2022-09-26,Zelle Transfer Conf# ir6nj97nn; RAHUL REDDY,bofa_6420,36.00,transfers_to_others
2022-09-28,"Rose and Womble, DES:WEB PMTS ID:H6Y9G6 INDN:Venkata Sai Abhiram Ad CO ID:9000669961 WEB",bofa_6420,845.00,rent_housing
2022-10-12,DISCOVER DES:E-PAYMENT ID:4039 INDN:ADDEPALLI ABHIRAM CO ID:2510020270 WEB,bofa_6420,693.63,debit_to_cc_payments
2022-10-13,DISCOVER DES:E-PAYMENT ID:4039 INDN:ADDEPALLI ABHIRAM CO ID:2510020270 WEB,bofa_6420,24.44,debit_to_cc_payments
2022-10-14,DISCOVER DES:E-PAYMENT ID:4039 INDN:ADDEPALLI ABHIRAM CO ID:2510020270 WEB,bofa_6420,41.13,debit_to_cc_payments
2022-10-25,OLD DOMINION UN DES:WEB PAYMNT ID:636508 INDN:VENKATA SAI ABHIRAM AD CO ID:2546000884 WEB,bofa_6420,60.00,rent_housing
2022-10-26,Zelle Transfer Conf# jpjowhu1c; RAHUL REDDY,bofa_6420,30.00,transfers_to_others
2022-10-26,Zelle Transfer Conf# nnuoepn7a; Bhanu Boga,bofa_6420,57.32,transfers_to_others
2022-10-27,"Rose and Womble, DES:WEB PMTS ID:ZXDML6 INDN:Venkata Sai Abhiram Ad CO ID:9000669961 WEB",bofa_6420,845.00,rent_housing
2022-11-01,Zelle Transfer Conf# b98ak8mlh; Sanjana ODU,bofa_6420,31.30,transfers_to_others
2022-11-02,DISCOVER DES:E-PAYMENT ID:4039 INDN:ADDEPALLI ABHIRAM CO ID:2510020270 WEB,bofa_6420,1920.52,debit_to_cc_payments
2022-11-03,Zelle Transfer Conf# rv989nn3d; RAHUL REDDY,bofa_6420,60.00,transfers_to_others
2022-11-10,DISCOVER DES:E-PAYMENT ID:4039 INDN:ADDEPALLI ABHIRAM CO ID:2510020270 WEB,bofa_6420,1315.59,debit_to_cc_payments
2022-11-14,Zelle Transfer Conf# mt66f1a9h; RAHUL REDDY,bofa_6420,60.00,transfers_to_others
2022-11-15,DISCOVER DES:E-PAYMENT ID:4039 INDN:ADDEPALLI ABHIRAM CO ID:2510020270 WEB,bofa_6420,98.88,debit_to_cc_payments
2022-11-18,Zelle Transfer Conf# ktsaxq5en; RAHUL REDDY,bofa_6420,150.00,transfers_to_others
2022-11-28,Zelle Transfer Conf# b3n6oq3o2; Bhanu Boga,bofa_6420,91.22,transfers_to_others
2022-11-28,Zelle Transfer Conf# dy8bt1qk6; Bhanu Boga,bofa_6420,32.16,transfers_to_others
2022-11-29,"Rose and Womble, DES:WEB PMTS ID:BNW6R6 INDN:Venkata Sai Abhiram Ad CO ID:9000669961 WEB",bofa_6420,845.00,rent_housing
2022-12-02,Zelle Transfer Conf# fb408i3d7; RAHUL REDDY,bofa_6420,46.00,transfers_to_others
2022-12-06,DISCOVER DES:E-PAYMENT ID:4039 INDN:ADDEPALLI ABHIRAM CO ID:2510020270 WEB,bofa_6420,1848.22,debit_to_cc_payments
2022-12-12,CHECKCARD 1211 Meta Store FBPAY * Meta 650-5434800 CA 24204292345000232728163 RECURRING,bofa_6420,51.94,personal_purchases
2022-12-12,CHECKCARD 1211 Meta Store FBPAY * Meta 650-5434800 CA 24204292345000247698161 RECURRING,bofa_6420,103.88,personal_purchases
2022-12-12,HARRIS TE 3600 12/11 #000005557 PURCHASE HARRIS TE 3600 S. ARLINGTON VA,bofa_6420,43.33,groceries
2022-12-13,HARRIS TE 3600 12/13 #000021830 PURCHASE HARRIS TE 3600 S. ARLINGTON VA,bofa_6420,56.46,groceries
2022-12-22,Zelle Transfer Conf# bv80gi76c; Vineeth ODU,bofa_6420,172.39,transfers_to_others
2022-12-22,Zelle Transfer Conf# glqdchkcf; Sai Vikram ODU,bofa_6420,300.00,transfers_to_others
2022-12-28,"Rose and Womble, DES:WEB PMTS ID:93YDW6 INDN:Venkata Sai Abhiram Ad CO ID:9000669961 WEB",bofa_6420,845.00,rent_housing
2023-01-11,DISCOVER DES:E-PAYMENT ID:4039 INDN:ADDEPALLI ABHIRAM CO ID:2510020270 WEB,bofa_6420,935.64,debit_to_cc_payments
2023-01-18,Zelle Transfer Conf# dz2ly6m2j; Pavani ODU,bofa_6420,26.84,transfers_to_others
2023-01-18,Zelle Transfer Conf# b1evx11er; Manish ODU,bofa_6420,44.10,transfers_to_others
2023-01-18,Zelle Transfer Conf# hfa1himmf; RAHUL REDDY,bofa_6420,45.00,transfers_to_others
2023-01-23,Zelle Transfer Conf# c9xjzu0qt; RAHUL REDDY,bofa_6420,40.00,transfers_to_others
2023-02-01,Zelle Transfer Conf# iavapph7j; RAHUL REDDY,bofa_6420,30.00,transfers_to_others
2023-02-01,Zelle Transfer Conf# ebhnj2tc0; Anirudh,bofa_6420,110.00,transfers_to_others
2023-02-02,"Rose and Womble, DES:WEB PMTS ID:DGK037 INDN:Venkata Sai Abhiram Ad CO ID:9000669961 WEB",bofa_6420,845.00,rent_housing
2023-02-07,COSTCO WHSE #0 02/07 #000250712 PURCHASE COSTCO WHSE #0233 ARLINGTON VA,bofa_6420,83.34,groceries
2023-02-07,DISCOVER DES:E-PAYMENT ID:4039 INDN:ADDEPALLI ABHIRAM CO ID:2510020270 WEB,bofa_6420,803.98,debit_to_cc_payments
2023-02-08,DISCOVER DES:E-PAYMENT ID:4039 INDN:ADDEPALLI ABHIRAM CO ID:2510020270 WEB,bofa_6420,29.65,debit_to_cc_payments
2023-02-14,DISCOVER DES:E-PAYMENT ID:4039 INDN:ADDEPALLI ABHIRAM CO ID:2510020270 WEB,bofa_6420,139.00,debit_to_cc_payments
2023-02-21,Zelle Transfer Conf# mxjxn9j66; Sai Vikram ODU,bofa_6420,289.61,transfers_to_others
2023-02-27,Zelle payment to Sanjana ODU Conf# ljddaoepr,bofa_6420,270.00,transfers_to_others
2023-02-27,Zelle payment to Sai Vikram ODU Conf# jhe8e1flk,bofa_6420,23.22,transfers_to_others
2023-02-27,Zelle payment to Sai Krishna ODU Conf# j5x6uw0a7,bofa_6420,285.82,transfers_to_others
2023-02-28,"Rose and Womble, DES:WEB PMTS ID:X0M267 INDN:Venkata Sai Abhiram Ad CO ID:9000669961 WEB",bofa_6420,845.00,rent_housing
2023-03-06,CHECKCARD 0306 1420WASHINGTONAVE MIAMI BEACH FL 24193043065000018004076,bofa_6420,40.00,personal_purchases
2023-03-10,COSTCO WHSE #0 03/10 #000064292 PURCHASE COSTCO WHSE #0202 NORFOLK VA,bofa_6420,142.16,groceries
2023-03-13,DISCOVER DES:E-PAYMENT ID:4039 INDN:ADDEPALLI ABHIRAM CO ID:2510020270 WEB,bofa_6420,2545.04,debit_to_cc_payments
2023-03-16,Zelle Transfer Conf# ozcuxpf5f; RAHUL REDDY,bofa_6420,30.00,transfers_to_others
2023-03-16,Zelle payment to Anirudh Conf# nktoyep5o,bofa_6420,203.00,transfers_to_others
2023-03-17,DISCOVER DES:E-PAYMENT ID:4039 INDN:ADDEPALLI ABHIRAM CO ID:2510020270 WEB,bofa_6420,454.29,debit_to_cc_payments
2023-03-28,Zelle Transfer Conf# kbgwjor2g; RAHUL REDDY,bofa_6420,30.00,transfers_to_others
2023-03-28,"Rose and Womble, DES:WEB PMTS ID:PMJDB7 INDN:Venkata Sai Abhiram Ad CO ID:9000669961 WEB",bofa_6420,845.00,rent_housing
2023-03-29,DISCOVER DES:E-PAYMENT ID:4039 INDN:ADDEPALLI ABHIRAM CO ID:2510020270 WEB,bofa_6420,462.70,debit_to_cc_payments
2023-04-04,Zelle payment to Soujanya ODU Conf# nnfk1ap13,bofa_6420,60.39,transfers_to_others
2023-04-04,Zelle Transfer Conf# k36y0rbjw; Bhanu Boga,bofa_6420,31.38,transfers_to_others
2023-04-10,BKOFAMERICA ATM 04/08 #000003108 WITHDRWL STONE RIDGE ALDIE VA,bofa_6420,1000.00,groceries
2023-04-12,PURCHASE 0411 DOMINO'S 4346 ARLINGTON VA,bofa_6420,20.11,personal_purchases
2023-04-12,DISCOVER DES:E-PAYMENT ID:4039 INDN:ADDEPALLI ABHIRAM CO ID:2510020270 WEB,bofa_6420,542.62,debit_to_cc_payments
2023-04-27,BHHS RW TOWNE PR DES:WEB PMTS ID:PWQ6H7 INDN:Venkata Sai Abhiram Ad CO ID:9000669961 WEB,bofa_6420,845.00,rent_housing
2023-05-08,DISCOVER DES:E-PAYMENT ID:4039 INDN:ADDEPALLI ABHIRAM CO ID:2510020270 WEB,bofa_6420,970.18,debit_to_cc_payments
2023-05-15,DISCOVER DES:E-PAYMENT ID:4039 INDN:ADDEPALLI ABHIRAM CO ID:2510020270 WEB,bofa_6420,58.43,debit_to_cc_payments
2023-05-23,Zelle Transfer Conf# ka67e26l1; Bhanu Boga,bofa_6420,155.05,transfers_to_others
2023-05-23,Zelle payment to Sai Krishna ODU Conf# rmz5viua9,bofa_6420,93.68,transfers_to_others
2023-05-24,BHHS RW TOWNE PR DES:WEB PMTS ID:GSXPM7 INDN:Venkata Sai Abhiram Ad CO ID:9000669961 WEB,bofa_6420,845.00,rent_housing
2023-06-05,DISCOVER DES:E-PAYMENT ID:4039 INDN:ADDEPALLI ABHIRAM CO ID:2510020270 WEB,bofa_6420,1166.17,debit_to_cc_payments
2023-06-09,DISCOVER DES:E-PAYMENT ID:4039 INDN:ADDEPALLI ABHIRAM CO ID:2510020270 WEB,bofa_6420,232.58,debit_to_cc_payments
2023-06-12,CHECKCARD 0610 GLOBAL - 4902 HAMPTON NORFOLK VA 24427333162710002770483,bofa_6420,27.02,personal_purchases
2023-06-12,Zelle payment to Manish ODU Conf# n8fe9tfcm,bofa_6420,100.00,transfers_to_others
2023-06-12,PURCHASE 0611 DOMINO'S 4231 NORFOLK VA,bofa_6420,26.98,personal_purchases
2023-06-21,DISCOVER DES:E-PAYMENT ID:4039 INDN:ADDEPALLI ABHIRAM CO ID:2510020270 WEB,bofa_6420,79.72,debit_to_cc_payments
2023-06-29,BHHS RW TOWNE PR DES:WEB PMTS ID:4400T7 INDN:Venkata Sai Abhiram Ad CO ID:9000669961 WEB,bofa_6420,845.00,rent_housing
2023-06-29,DISCOVER DES:E-PAYMENT ID:4039 INDN:ADDEPALLI ABHIRAM CO ID:2510020270 WEB,bofa_6420,27.73,debit_to_cc_payments
2023-07-11,CHECKCARD 0711 ALEXANDRIA PASTRY ALEXANDRIA VA 24801973192091840001271,bofa_6420,41.33,personal_purchases
2023-07-11,DISCOVER DES:E-PAYMENT ID:4039 INDN:ADDEPALLI ABHIRAM CO ID:2510020270 WEB,bofa_6420,84.61,debit_to_cc_payments
2023-07-17,DISCOVER DES:E-PAYMENT ID:4039 INDN:ADDEPALLI ABHIRAM CO ID:2510020270 WEB,bofa_6420,81.86,debit_to_cc_payments
2023-08-01,DISCOVER DES:E-PAYMENT ID:4039 INDN:ADDEPALLI ABHIRAM CO ID:2510020270 WEB,bofa_6420,121.62,debit_to_cc_payments
2023-08-11,DISCOVER DES:E-PAYMENT ID:4039 INDN:ADDEPALLI ABHIRAM CO ID:2510020270 WEB,bofa_6420,339.78,debit_to_cc_payments
2023-08-16,NNT BURN & BRE 08/16 #000784048 PURCHASE 566 23RD ST S ARLINGTON VA,bofa_6420,26.49,personal_purchases
2023-08-25,NNT BURN & BRE 08/25 #000789556 PURCHASE 566 23RD ST S ARLINGTON VA,bofa_6420,26.49,personal_purchases
2023-09-12,MOBILE PURCHASE 0912 NNT BURN & BRE ARLINGTON VA,bofa_6420,26.49,personal_purchases
2023-09-18,DISCOVER DES:E-PAYMENT ID:4039 INDN:ADDEPALLI ABHIRAM CO ID:2510020270 WEB,bofa_6420,35.00,debit_to_cc_payments
2023-09-25,WIRE TYPE:INTL IN DATE:230925 TIME:1304 ET TRN:2023092500501278 SEQ:P53268051167/685060 ORIG:BANK OF AMERICA CORPORATE ID:6550305831 PMT DET:FXINR10000.00 80.43600 RETURN OF REF 45625 0786 IFAC NOT PER REG GUIDELINES /CORPTRAD/,bofa_6420,124.32,personal_purchases
2023-10-19,NNT BURN & BRE 10/19 #000823862 PURCHASE 566 23RD ST S ARLINGTON VA,bofa_6420,36.02,personal_purchases
2023-10-19,DISCOVER DES:E-PAYMENT ID:4039 INDN:ADDEPALLI ABHIRAM CO ID:2510020270 WEB,bofa_6420,35.00,debit_to_cc_payments
2023-11-13,NNT BURN & BRE 11/13 #000838686 PURCHASE 566 23RD ST S ARLINGTON VA,bofa_6420,36.02,personal_purchases
2023-12-01,Zelle payment to Rasagna Reddy Conf# mos78ssqr,bofa_6420,800.00,transfers_to_others
2024-01-02,CHECKCARD 1230 LEVY@1WASHINGTONNATIONA CHICAGO IL 24445003365100518332170,bofa_6420,35.18,personal_purchases
2024-01-17,DISCOVER DES:E-PAYMENT ID:4039 INDN:ADDEPALLI ABHIRAM CO ID:2510020270 WEB,bofa_6420,37.00,debit_to_cc_payments
2024-02-22,DISCOVER DES:E-PAYMENT ID:4039 INDN:ADDEPALLI ABHIRAM CO ID:2510020270 WEB,bofa_6420,2146.05,debit_to_cc_payments
2024-03-11,Zelle payment to PARESH MOHAPATRA Conf# upql47qje,bofa_6420,120.00,transfers_to_others
2024-03-15,CHECKCARD 0314 SPRINTAX NR TAX HTTPSWWW.SPRIIL 24011344074000063870638,bofa_6420,44.95,personal_purchases
2024-04-12,BURN & BREW 04/12 #000000767 PURCHASE BURN & BREW ARLINGTON VA,bofa_6420,76.28,alcohol_or_parties
2024-04-29,"TYSONS CORNER, 04/27 #000352659 PURCHASE TYSONS CORNER, V MCLEAN VA",bofa_6420,40.28,personal_purchases
2024-05-02,Zelle payment to Yashwanth ODU Conf# tvjmhelx9,bofa_6420,35.00,transfers_to_others
2024-05-03,FOOD LION #118 05/03 #000015655 PURCHASE FOOD LION #1188 2 NORFOLK VA,bofa_6420,21.35,groceries
2024-05-06,CHECKCARD 0504 7-ELEVEN Norfolk VA,bofa_6420,29.72,personal_purchases
2024-05-17,CHECKCARD 0516 USCIS I-765 800-375-5283 DC 24240984138600206821875,bofa_6420,470.00,personal_purchases
2024-06-04,BURN & BREW 06/04 #000001240 PURCHASE BURN & BREW ARLINGTON VA,bofa_6420,57.21,alcohol_or_parties
2024-06-11,Zelle payment to Bhanu Boga Conf# yl0w6s0e7,bofa_6420,402.00,transfers_to_others
2024-06-28,Zelle payment to Divya ODU Conf# znbrscshm,bofa_6420,474.34,transfers_to_others
2024-06-30,7-ELEVEN 10684 MCLEAN VA,discover_1263,36.89,personal_purchases
2024-07-01,DISCOVER DES:E-PAYMENT ID:4039 INDN:ADDEPALLI ABHIRAM CO ID:2510020270 WEB,bofa_6420,74.55,debit_to_cc_payments
2024-07-11,DISCOVER DES:E-PAYMENT ID:4039 INDN:ADDEPALLI ABHIRAM CO ID:2510020270 WEB,bofa_6420,57.15,debit_to_cc_payments
2024-07-11,CHICK-FIL-A #02673 ARLINGTON VA,chase_4303,23.40,personal_purchases
2024-07-12,CHASE CREDIT CRD DES:EPAY ID:7654528859 INDN:VENKATA SAI A ADDEPALL CO ID:5760039224 WEB,bofa_6420,40.00,debit_to_cc_payments
2024-07-14,TST* INCHIN'S BAMBOO GARD HERNDON VA,chase_4303,86.70,personal_purchases
2024-07-21,ARLINGTON GROCERY & HALAL ARLINGTON VA,chase_4303,25.47,personal_purchases
2024-07-25,FANDANGO FANDANGO.COM CA,chase_4303,62.04,personal_purchases
2024-08-06,CHASE CREDIT CRD DES:EPAY ID:7715157025 INDN:VENKATA SAI A ADDEPALL CO ID:5760039224 WEB,bofa_6420,61.66,debit_to_cc_payments
2024-08-16,Zelle payment to Vineeth ODU Conf# wcn2kvzkq,bofa_6420,107.86,transfers_to_others
2024-08-16,Zelle payment to Divya Sree ODU Conf# x0jf79irb,bofa_6420,21.43,transfers_to_others
2024-08-16,Zelle payment to Pavani ODU Conf# xg4kt76t3,bofa_6420,32.85,transfers_to_others
2024-08-17,"K1 SPEED- DULLES, VA STERLING VA",chase_4303,76.01,personal_purchases
2024-08-17,TST*CLOVE Sterling VA,chase_4303,34.96,personal_purchases
2024-08-18,TST*DESI CHOWRASTHA - HE Herndon VA,chase_4303,36.18,personal_purchases
2024-08-22,TJMAXX #0575 ALEXANDRIA VA,chase_4303,155.71,personal_purchases
2024-08-23,BWW LOS ANGELES 349 678-514-4100 CA,chase_4303,66.10,personal_purchases
2024-08-24,UBER *TRIP HELP.UBER.COM CA,chase_4303,40.96,personal_purchases
2024-08-25,APEX BY SGH 4869 SAN YSIDRO CA,chase_4303,115.30,personal_purchases
2024-08-27,HOLLYWOOD SOUVENIRS LOS ANGELES CA,chase_4303,20.78,personal_purchases
2024-08-28,CHASE CREDIT CRD DES:EPAY ID:7765012706 INDN:VENKATA SAI A ADDEPALL CO ID:5760039224 WEB,bofa_6420,1208.35,debit_to_cc_payments
2024-08-29,STARBUCKS STORE 14535 SUFFOLK VA,chase_4303,24.75,personal_purchases
2024-08-31,SkyWheel Myrtle Beach St. Louis MO,chase_4303,138.77,personal_purchases
2024-08-31,BREEZA BEACHWEAR 002 MYRTLE BEACH SC,chase_4303,27.25,personal_purchases
2024-08-31,TIN ROOF ACQUISITION CO MYRTLE BEACH SC,chase_4303,110.00,personal_purchases
2024-08-31,TIN ROOF ACQUISITION CO MYRTLE BEACH SC,chase_4303,81.00,personal_purchases
2024-09-01,WORLD OF COCA COLA ATLANTA GA,chase_4303,156.82,personal_purchases
2024-09-01,CIRCLE K 05134 COLUMBIA SC,chase_4303,40.14,personal_purchases
2024-09-01,THE PERI PERI GRILL ATLANTA GA,chase_4303,131.08,personal_purchases
2024-09-02,HARRIS TEETER FUEL #63 ROCKY MOUNT NC,chase_4303,38.69,groceries
2024-09-02,MURPHY7057ATWALMART COLUMBIA SC,chase_4303,27.76,groceries
2024-09-02,MURPHY7460ATWALMART COLUMBIA SC,chase_4303,32.61,groceries
2024-09-09,ZG * RENTAPPLICATION 206-516-2265 WA,chase_4303,35.00,rent_housing
2024-09-18,WF* WAYFAIR4310656831 HTTPSWWW.WAYF MA,chase_4303,311.63,personal_purchases
2024-09-21,LUCKY'S FOOD & DELI ELKRIDGE MD,chase_4303,31.30,personal_purchases
2024-09-21,LOTTE PLAZA CATONSVILLE CATONSVILLE MD,discover_1263,78.09,personal_purchases
2024-09-21,MACYS COLUMBIA (MD) COLUMBIA MD,discover_1263,43.25,personal_purchases
2024-09-22,COSTCO WHSE #1000 ELKRIDGE MD,chase_4303,41.82,groceries
2024-09-22,COSTCO WHSE #1000 ELKRIDGE MD,chase_4303,130.00,groceries
2024-09-22,ULTA #1582 PASADENA MD,discover_1263,25.01,personal_purchases
2024-09-22,WALMART STORE 01875 SEVERN MD,discover_1263,40.04,groceries
2024-09-22,WALMART STORE 01875 SEVERN MD,discover_1263,127.00,groceries
2024-09-23,CHASE CREDIT CRD DES:EPAY ID:7823467586 INDN:VENKATA SAI A ADDEPALL CO ID:5760039224 WEB,bofa_6420,1000.00,debit_to_cc_payments
2024-09-24,SP INKED GAMING 8777223581 OR,discover_1263,87.12,personal_purchases
2024-09-26,SP BRIO PRODUCTS HTTPSWWW.BRIO MI,chase_4303,153.55,personal_purchases
2024-09-27,SQ *BLACK FLAG BREWING CO Columbia MD,chase_4303,54.06,personal_purchases
2024-09-28,COSTCO WHSE #1000 ELKRIDGE MD,chase_4303,173.68,groceries
2024-09-28,BIG BAZAAR LAUREL MD,chase_4303,115.44,personal_purchases
2024-09-28,WALMART STORE 05228 COLUMBIA MD,discover_1263,24.30,groceries
2024-09-28,WALMART STORE 05228 COLUMBIA MD,discover_1263,26.22,groceries
2024-10-01,Zelle payment to Sai Krishna ODU Conf# sj7dk6dhu,bofa_6420,850.00,transfers_to_others
2024-10-02,CHASE CREDIT CRD DES:EPAY ID:7847289930 INDN:VENKATA SAI A ADDEPALL CO ID:5760039224 WEB,bofa_6420,500.00,debit_to_cc_payments
2024-10-02,DISCOVER DES:E-PAYMENT ID:4039 INDN:ADDEPALLI ABHIRAM CO ID:2510020270 WEB,bofa_6420,400.00,debit_to_cc_payments
2024-10-04,TST*DESI CHOWRASTHA - HE Herndon VA,chase_4303,88.28,personal_purchases
2024-10-05,TST*THE TAPROOM AT OGB 443-474-9026 MD,chase_4303,116.86,personal_purchases
2024-10-05,EB *BOLLYWOOD DHAMAKA 8014137200 CA,chase_4303,115.90,personal_purchases
2024-10-06,PY *SRI SIVA VISHNU TEMPL LANHAM MD,chase_4303,31.00,personal_purchases
2024-10-12,CHICK-FIL-A #03474 STERLING VA,chase_4303,27.99,personal_purchases
2024-10-14,BESTBUY.COM 888-237-8289 MN,discover_1263,105.99,personal_purchases
2024-10-17,COSTCO WHSE #1000 ELKRIDGE MD,chase_4303,215.07,groceries
2024-10-18,DISCOVER DES:E-PAYMENT ID:4039 INDN:ADDEPALLI ABHIRAM CO ID:2510020270 WEB,bofa_6420,1000.00,debit_to_cc_payments
2024-10-18,CHASE CREDIT CRD DES:EPAY ID:7888638722 INDN:VENKATA SAI A ADDEPALL CO ID:5760039224 WEB,bofa_6420,1000.00,debit_to_cc_payments
2024-10-20,TARGET 00026310 GAMBRILLS MD,chase_4303,44.56,groceries
2024-10-20,DESI BAZAAR COLUMBIA MD,chase_4303,116.49,personal_purchases
2024-10-20,ULTA #602 GAMBRILLS MD,chase_4303,67.82,personal_purchases
2024-10-26,LOTTE PLAZA CATONSVILLE CATONSVILLE MD,chase_4303,154.69,personal_purchases
2024-10-30,AVIS.COM PREPAY 8003527900 VA,chase_4303,119.66,personal_purchases
2024-11-01,Zelle payment to Sai Krishna ODU Conf# x8edl1l1t,bofa_6420,850.00,transfers_to_others
2024-11-01,PUREFITNESS LLC 344-4770005 VA,chase_4303,67.99,personal_purchases
2024-11-02,PRIMARK ARUNDEL MILLS 124 HANOVER MD,chase_4303,65.82,personal_purchases
2024-11-04,CHASE CREDIT CRD DES:EPAY ID:7921686539 INDN:VENKATA SAI A ADDEPALL CO ID:5760039224 WEB,bofa_6420,947.93,debit_to_cc_payments
2024-11-07,SQ *DANILOVEHAIR GWYNN OAK MD,chase_4303,40.00,personal_purchases
2024-11-12,Zelle payment to Priyaja ODU Conf# u4p06uer7,bofa_6420,50.00,transfers_to_others
2024-11-18,CHASE CREDIT CRD DES:EPAY ID:7955914959 INDN:VENKATA SAI A ADDEPALL CO ID:5760039224 WEB,bofa_6420,1000.00,debit_to_cc_payments
2024-11-29,CHASE CREDIT CRD DES:EPAY ID:7987063431 INDN:VENKATA SAI A ADDEPALL CO ID:5760039224 WEB,bofa_6420,1000.00,debit_to_cc_payments
2024-12-02,Zelle payment to Sai Krishna ODU Conf# zaqiwypso,bofa_6420,850.00,transfers_to_others
2024-12-10,DISCOVER DES:E-PAYMENT ID:4039 INDN:ADDEPALLI ABHIRAM CO ID:2510020270 WEB,bofa_6420,600.00,debit_to_cc_payments
2024-12-12,CHASE CREDIT CRD DES:EPAY ID:8020390308 INDN:VENKATA SAI A ADDEPALL CO ID:5760039224 WEB,bofa_6420,1063.30,debit_to_cc_payments
2024-12-26,CHASE CREDIT CRD DES:EPAY ID:8054719047 INDN:VENKATA SAI A ADDEPALL CO ID:5760039224 WEB,bofa_6420,1000.00,debit_to_cc_payments
2024-12-27,Zelle payment to Vineeth ODU Conf# t1ek4lbdi,bofa_6420,34.79,transfers_to_others
2024-12-31,DISCOVER DES:E-PAYMENT ID:4039 INDN:ADDEPALLI ABHIRAM CO ID:2510020270 WEB,bofa_6420,500.00,debit_to_cc_payments
2025-01-01,PUREFITNESS LLC,chase_9200,33.99,personal_purchases
2025-01-02,Zelle payment to Sai Krishna ODU Conf# ydewm4j4m,bofa_6420,850.00,transfers_to_others
2025-01-06,CHASE CREDIT CRD DES:EPAY ID:8079015739 INDN:VENKATA SAI A ADDEPALL CO ID:5760039224 WEB,bofa_6420,800.00,debit_to_cc_payments
2025-01-07,Zelle payment to Sai Krishna ODU Conf# vxhqvnjmu,bofa_6420,500.00,transfers_to_others
2025-01-08,DISCOVER BANK DES:NET/MOBILE ID:4001 INDN:VENKATASAIABHIR ADDEPA CO ID:4510020271 WEB,bofa_6420,3500.00,debit_to_cc_payments
2025-01-10,WAL-MART #5228,chase_9200,68.19,personal_purchases
2025-01-13,CHASE CREDIT CRD DES:EPAY ID:8096603302 INDN:VENKATA SAI A ADDEPALL CO ID:5760039224 WEB,bofa_6420,40.00,debit_to_cc_payments
2025-01-14,COSTCO GAS #1000,chase_9200,31.13,groceries
2025-01-15,TRIVENI SUPERMARKET,chase_9200,169.26,groceries
2025-01-15,COSTCO WHSE #1000,chase_9200,158.42,groceries
2025-01-16,"DISCOVER BANK DES:NET/MOBILE ID:4001 INDN:VENKATASAIABHIR ADDEPA CO ID:4510020271 WEB Tips to help protect yourself from trending scams: - Do not be pressured to act quickly - it could be an imposter trying to steal your money. - If asked to transfer money unexpectedly, use caution - it could be a scam. - Never grant remote access or download apps at the request of someone you do not know. Learn more about trending scams. Scan the code or visit bofa.com/HelpProtectYourself. When you use the QRC feature, certain information is collected from your mobile device for business purposes.",bofa_6420,250.00,debit_to_cc_payments
2025-01-18,ERACTOLL 784027060,chase_9200,71.30,personal_purchases
2025-01-22,CHASE CREDIT CRD DES:EPAY ID:8120769652 INDN:VENKATA SAI A ADDEPALL CO ID:5760039224 WEB,bofa_6420,285.00,debit_to_cc_payments
2025-01-23,PLANET OF THE...,chase_9200,40.98,personal_purchases
2025-01-25,HOWARD WINE AND SPIRITS,chase_9200,54.39,alcohol_or_parties
2025-01-26,BASSFORGE,chase_9200,39.99,personal_purchases
2025-01-28,PP*LOVING HAIR,chase_9200,44.00,personal_purchases
2025-01-30,DISCOVER BANK DES:NET/MOBILE ID:4001 INDN:VENKATASAIABHIR ADDEPA CO ID:4510020271 WEB,bofa_6420,250.00,debit_to_cc_payments
2025-01-31,Zelle payment to Manish ODU Conf# xmk1hov0s,bofa_6420,288.97,transfers_to_others
2025-02-01,SQ *CHOPATHI INDIA KITCHE,chase_9200,28.59,personal_purchases
2025-02-01,PUREFITNESS LLC,chase_9200,33.99,personal_purchases
2025-02-02,SQ *DOLCI GELATI LLC,chase_9200,38.21,personal_purchases
2025-02-02,SQ *VINTAGE VIEWS BAR,chase_9200,28.60,personal_purchases
2025-02-02,COSTCO GAS #1000,chase_9200,36.21,groceries
2025-02-03,"Zelle Recurring payment to Sai Krishna ODU for ""rent""; Conf# tawr8jdhb",bofa_6420,850.00,rent_housing
2025-02-03,CHASE CREDIT CRD DES:EPAY ID:8141979686 INDN:VENKATA SAI A ADDEPALL CO ID:5760039224 WEB,bofa_6420,500.00,debit_to_cc_payments
2025-02-03,DISCOVER DES:E-PAYMENT ID:4039 INDN:ADDEPALLI ABHIRAM CO ID:2510020270 WEB,bofa_6420,200.00,debit_to_cc_payments
2025-02-04,DISCOVER BANK DES:NET/MOBILE ID:4001 INDN:VENKATASAIABHIR ADDEPA CO ID:4510020271 WEB,bofa_6420,1000.00,debit_to_cc_payments
2025-02-07,COSTCO WHSE #1000,chase_9200,172.59,groceries
2025-02-18,Zelle payment to Soujanya ODU Conf# q4fx48z4s,bofa_6420,709.22,transfers_to_others
2025-02-18,DISCOVER BANK DES:NET/MOBILE ID:4001 INDN:VENKATASAIABHIR ADDEPA CO ID:4510020271 WEB,bofa_6420,400.00,debit_to_cc_payments
2025-02-19,DISCOVER BANK DES:NET/MOBILE ID:4001 INDN:VENKATASAIABHIR ADDEPA CO ID:4510020271 WEB,bofa_6420,300.00,debit_to_cc_payments
2025-02-23,SNOW.COM/VAIL RESORTS SKI,chase_9200,196.00,personal_purchases
2025-02-23,LOTTE PLAZA CATONSVILLE,chase_9200,181.70,personal_purchases
2025-02-23,COSTCO WHSE #1000,chase_9200,298.97,groceries
2025-02-23,ULTA #235,chase_9200,27.76,personal_purchases
2025-02-26,USCIS ELIS I907 WASHINGTON DC,discover_1263,1685.00,personal_purchases
2025-02-28,HOWARD WINE AND SPIRITS,chase_9200,25.05,alcohol_or_parties
2025-03-01,PUREFITNESS LLC,chase_9200,33.99,personal_purchases
2025-03-03,Zelle payment to Anirudh Conf# vr8se1hou,bofa_6420,2000.00,transfers_to_others
2025-03-03,Zelle payment to Sai Krishna ODU Conf# wwmdwpmfv,bofa_6420,850.00,transfers_to_others
2025-03-04,BATH AND BODY WORKS 5760,chase_9200,28.62,personal_purchases
2025-03-06,CHASE CREDIT CRD DES:EPAY ID:8229234629 INDN:VENKATA SAI A ADDEPALL CO ID:5760039224 WEB,bofa_6420,600.00,debit_to_cc_payments
2025-03-07,DISCOVER BANK DES:NET/MOBILE ID:4001 INDN:VENKATASAIABHIR ADDEPA CO ID:4510020271 WEB,bofa_6420,800.00,debit_to_cc_payments
2025-03-07,DISCOVER DES:E-PAYMENT ID:4039 INDN:ADDEPALLI ABHIRAM CO ID:2510020270 WEB,bofa_6420,300.00,debit_to_cc_payments
2025-03-09,LOTTE PLAZA CATONSVILLE,chase_9200,181.19,personal_purchases
2025-03-09,WAL-MART #2248,chase_9200,28.85,personal_purchases
2025-03-09,COSTCO WHSE #1000,chase_9200,80.79,groceries
2025-03-09,WAL-MART #2248,chase_9200,35.79,personal_purchases
2025-03-11,DWARAKAS BAWARCHI INDIAN COLUMBIA MD,discover_1263,33.90,personal_purchases
2025-03-17,CHASE CREDIT CRD DES:EPAY ID:8251431009 INDN:VENKATA SAI A ADDEPALL CO ID:5760039224 WEB,bofa_6420,453.80,debit_to_cc_payments
2025-03-18,"DISCOVER BANK DES:NET/MOBILE ID:4001 INDN:VENKATASAIABHIR ADDEPA CO ID:4510020271 WEB How are we doing? Your opinion is important to us. You are invited to join the Bank of America® Advisory Panel and share what you think we are doing right and what we need to do better. Enter code CADD at bankofamerica.com/AdvisoryPanel to learn more and join. When you use the QRC feature, certain information is collected from your mobile device for business purposes. Inclusion on the Advisory Panel is subject to qualifications.",bofa_6420,400.00,debit_to_cc_payments
2025-03-22,LOTTE PLAZA CATONSVILLE,chase_9200,285.59,personal_purchases
2025-03-23,BWW HANOVER 770,chase_9200,90.00,personal_purchases
2025-03-25,AIRBNB * HMTMMJEA8S,chase_9200,1445.87,personal_purchases
2025-03-27,HOWARD WINE AND SPIRITS,chase_9200,29.41,alcohol_or_parties
2025-03-28,CHASE CREDIT CRD DES:EPAY ID:8284275412 INDN:VENKATA SAI A ADDEPALL CO ID:5760039224 WEB,bofa_6420,569.00,debit_to_cc_payments
2025-03-31,DISCOVER BANK DES:NET/MOBILE ID:4001 INDN:VENKATASAIABHIR ADDEPA CO ID:4510020271 WEB,bofa_6420,1500.00,debit_to_cc_payments
2025-03-31,DISCOVER DES:E-PAYMENT ID:4039 INDN:ADDEPALLI ABHIRAM CO ID:2510020270 WEB,bofa_6420,367.10,debit_to_cc_payments
2025-03-31,CHASE CREDIT CRD DES:EPAY ID:8288269608 INDN:VENKATA SAI A ADDEPALL CO ID:5760039224 WEB,bofa_6420,302.41,debit_to_cc_payments
2025-04-01,Zelle Recurring payment to Sai Krishna ODU Conf# suptvy9ln,bofa_6420,850.00,transfers_to_others
2025-04-01,PUREFITNESS LLC,chase_9200,33.99,personal_purchases
2025-04-05,PAYPAL *BESTTAX,chase_9200,71.99,personal_purchases
2025-04-14,CHASE CREDIT CRD DES:EPAY ID:8324681817 INDN:VENKATA SAI A ADDEPALL CO ID:5760039224 WEB,bofa_6420,800.00,debit_to_cc_payments
2025-04-14,DISCOVER DES:E-PAYMENT ID:4039 INDN:ADDEPALLI ABHIRAM CO ID:2510020270 WEB,bofa_6420,200.00,debit_to_cc_payments
2025-04-15,COSTCO GAS #1000,chase_9200,33.47,groceries
2025-04-17,DISCOVER BANK DES:NET/MOBILE ID:4001 INDN:VENKATASAIABHIR ADDEPA CO ID:4510020271 WEB,bofa_6420,400.00,debit_to_cc_payments
2025-04-17,CHASE CREDIT CRD DES:EPAY ID:8333825936 INDN:VENKATA SAI A ADDEPALL CO ID:5760039224 WEB,bofa_6420,300.00,debit_to_cc_payments
2025-04-18,TST*GAMEON BAR & ARCADE,chase_9200,23.00,personal_purchases
2025-04-19,DWARAKAS BAWARCHI INDIAN,chase_9200,57.20,personal_purchases
2025-04-25,SQ *CHOPATHI INDIA KIT ELKRIDGE MD,discover_1263,34.95,personal_purchases
2025-04-26,DAVES HOT CHICKEN 1174 COLUMBIA MD,discover_1263,29.65,personal_purchases
2025-04-28,CHASE CREDIT CRD DES:EPAY ID:8359205935 INDN:VENKATA SAI A ADDEPALL CO ID:5760039224 WEB,bofa_6420,1000.00,debit_to_cc_payments
2025-04-28,DISCOVER DES:E-PAYMENT ID:4039 INDN:ADDEPALLI ABHIRAM CO ID:2510020270 WEB,bofa_6420,1000.00,debit_to_cc_payments
2025-04-29,DISCOVER BANK DES:NET/MOBILE ID:4001 INDN:VENKATASAIABHIR ADDEPA CO ID:4510020271 WEB,bofa_6420,800.00,debit_to_cc_payments
2025-04-30,DWARAKAS BAWARCHI INDIAN,chase_9200,56.15,personal_purchases
2025-04-30,TST*GAMEON BAR & ARCAD COLUMBIA MD,discover_1263,21.80,personal_purchases
2025-05-01,Zelle Recurring payment to Sai Krishna ODU Conf# tajuyyv0w,bofa_6420,850.00,transfers_to_others
2025-05-01,Zelle payment to Sai Krishna ODU Conf# xtt74d44g,bofa_6420,337.24,transfers_to_others
2025-05-01,DISCOVER DES:E-PAYMENT ID:4039 INDN:ADDEPALLI ABHIRAM CO ID:2510020270 WEB,bofa_6420,500.00,debit_to_cc_payments
2025-05-01,CHASE CREDIT CRD DES:EPAY ID:8368034297 INDN:VENKATA SAI A ADDEPALL CO ID:5760039224 WEB,bofa_6420,500.00,debit_to_cc_payments
2025-05-01,DISCOVER BANK DES:NET/MOBILE ID:4001 INDN:VENKATASAIABHIR ADDEPA CO ID:4510020271 WEB,bofa_6420,400.00,debit_to_cc_payments
2025-05-01,PUREFITNESS LLC,chase_9200,33.99,personal_purchases
2025-05-03,PP*S &AMP C BOUTIQUE,chase_9200,45.00,personal_purchases
2025-05-07,TST*HOT LOLAS - ROSSLYN,chase_9200,51.48,personal_purchases
2025-05-09,TST*411 MANAGEMENT COMPA,chase_9200,38.53,personal_purchases
2025-05-09,MUNFORDVILLE VALERO,chase_9200,23.00,personal_purchases
2025-05-10,SQ *APNA BAZAAR,chase_9200,74.04,personal_purchases
2025-05-10,WHISKEY ROW NASHVILLE,chase_9200,47.05,personal_purchases
2025-05-15,DISCOVER BANK DES:NET/MOBILE ID:4001 INDN:VENKATASAIABHIR ADDEPA CO ID:4510020271 WEB,bofa_6420,400.00,debit_to_cc_payments
2025-05-16,SQ *GROUNDED - LIVERMORE,chase_9200,24.82,personal_purchases
2025-05-16,PLAYLAND BAR,chase_9200,27.12,personal_purchases
2025-05-17,SQ *THE COMMENCEMENT GROU,chase_9200,62.96,personal_purchases
2025-05-18,TST* CHAAT CORNER SF,chase_9200,69.63,personal_purchases
2025-05-19,NEW THAI ELEPHANT 2 INC,chase_9200,155.37,personal_purchases
2025-05-21,Zelle payment to Manish ODU Conf# xfuz6pfds,bofa_6420,203.00,transfers_to_others
2025-05-21,CHASE CREDIT CRD DES:EPAY ID:8421779279 INDN:VENKATA SAI A ADDEPALL CO ID:5760039224 WEB,bofa_6420,800.00,debit_to_cc_payments
2025-05-21,DISCOVER DES:E-PAYMENT ID:1263 INDN:ADDEPALLI ABHIRAM CO ID:2510020270 WEB,bofa_6420,35.00,debit_to_cc_payments
2025-05-22,Zelle payment to Giri Conf# wo82kyekr,bofa_6420,61.71,transfers_to_others
2025-05-23,Discover (CONA) DES:NET/MOBILE ID:4001 INDN:VENKATASAIABHIR ADDEPA CO ID:4510020271 WEB,bofa_6420,300.00,debit_to_cc_payments
2025-05-23,QATAR AIR 0002125413730,chase_9200,1523.07,personal_purchases
2025-05-25,DOMINO'S 4620,chase_9200,25.42,personal_purchases
2025-05-25,PMUSA 758062 OCEAN CIT,chase_9200,25.35,personal_purchases
2025-05-29,CHASE CREDIT CRD DES:EPAY ID:8440230474 INDN:VENKATA SAI A ADDEPALL CO ID:5760039224 WEB,bofa_6420,500.00,debit_to_cc_payments
2025-05-29,Discover (CONA) DES:NET/MOBILE ID:4001 INDN:VENKATASAIABHIR ADDEPA CO ID:4510020271 WEB,bofa_6420,400.00,debit_to_cc_payments
2025-05-31,HOWARD WINE AND SPIRITS,chase_9200,22.87,alcohol_or_parties
2025-06-01,PUREFITNESS LLC,chase_9200,33.99,personal_purchases
2025-06-01,RUE21 6655,chase_9200,22.26,personal_purchases
2025-06-02,Zelle Recurring payment to Sai Krishna ODU Conf# y1jya62o9,bofa_6420,850.00,transfers_to_others
2025-06-03,Zelle payment to Giri Conf# y44j1fgcu,bofa_6420,49.42,transfers_to_others
2025-06-04,CHICK-FIL-A TERMINAL D,chase_9200,49.05,personal_purchases
2025-06-04,WAY.COM* WAY.COM*AIRPO,chase_9200,43.66,personal_purchases
2025-06-05,SCORES LAS VEGAS,chase_9200,230.00,personal_purchases
2025-06-05,NOODLE ASIA,chase_9200,127.88,personal_purchases
2025-06-05,D?J? VU SHOWGIRLS OF LV,chase_9200,200.00,personal_purchases
2025-06-06,TST*WSKY BAR AND GRILL -,chase_9200,160.00,personal_purchases
2025-06-07,EINSTEIN BAGELS - LAS VEG,chase_9200,37.39,personal_purchases
2025-06-08,CALIFORNIA PIZZA LAS,chase_9200,78.45,personal_purchases
2025-06-08,DAVES HOT CHICKEN 1174,chase_9200,54.21,personal_purchases
2025-06-08,UBER *TRIP HELP.UBER.COM,chase_9200,22.00,personal_purchases
2025-06-09,BEST TAX FILER,chase_9200,150.00,personal_purchases
2025-06-11,TOUS LES JOURS ARUNDEL M,chase_9200,42.93,personal_purchases
2025-06-11,LOTTE PLAZA CATONSVILLE,chase_9200,241.09,personal_purchases
2025-06-12,CHASE CREDIT CRD DES:EPAY ID:8475970716 INDN:VENKATA SAI A ADDEPALL CO ID:5760039224 WEB,bofa_6420,400.00,debit_to_cc_payments
2025-06-15,DOMINO'S 4620,chase_9200,21.18,personal_purchases
2025-06-15,ROYAL FARMS #230,chase_9200,27.50,personal_purchases
2025-06-16,CHASE CREDIT CRD DES:EPAY ID:8483453824 INDN:VENKATA SAI A ADDEPALL CO ID:5760039224 WEB,bofa_6420,1600.00,debit_to_cc_payments
2025-06-17,DISCOVER DES:E-PAYMENT ID:1263 INDN:ADDEPALLI ABHIRAM CO ID:2510020270 WEB,bofa_6420,35.00,debit_to_cc_payments
2025-06-18,HOWARD WINE AND SPIRITS,chase_9200,37.03,alcohol_or_parties
2025-06-19,SQ *ASHBURN BIRYANI GRILL,chase_9200,147.48,personal_purchases
2025-06-20,HOWARD WINE AND SPIRITS,chase_9200,21.83,alcohol_or_parties
2025-06-21,PUNJAB SUPERMARKET,chase_9200,89.66,groceries
2025-06-21,DAVES HOT CHICKEN 1174,chase_9200,40.24,personal_purchases
2025-06-29,SQ *CHOPATHI INDIA KITCHE,chase_9200,28.59,personal_purchases
2025-07-01,Zelle Recurring payment to Sai Krishna ODU Conf# ydt36x45z,bofa_6420,850.00,transfers_to_others
2025-07-01,CHASE CREDIT CRD DES:EPAY ID:8523543436 INDN:VENKATA SAI A ADDEPALL CO ID:5760039224 WEB,bofa_6420,200.00,debit_to_cc_payments
2025-07-01,PUREFITNESS LLC,chase_9200,33.99,personal_purchases
2025-07-03,ME-COLUMBIA-ECOMM,chase_9200,71.02,personal_purchases
2025-07-03,SQ *SENECA SHADOWS CAMPGR,chase_9200,25.00,personal_purchases
2025-07-04,YOKUM'S GROCERY,chase_9200,22.56,groceries
2025-07-09,LOTTE PLAZA CATONSVILLE,chase_9200,159.98,personal_purchases
2025-07-09,COSTCO WHSE #1000,chase_9200,296.20,groceries
2025-07-10,HOWARD WINE AND SPIRITS,chase_9200,21.78,alcohol_or_parties
2025-07-13,TST* COUNTRY OVEN,chase_9200,27.48,personal_purchases
2025-07-14,"Zelle payment to Vineeth p for ""Vegas""; Conf# y7hvh16o0",bofa_6420,402.39,transfers_to_others
2025-07-15,"CHASE CREDIT CRD DES:EPAY ID:8561478667 INDN:VENKATA SAI A ADDEPALL CO ID:5760039224 WEB Better Money Habits® What are your financial goals? Better Money Habits® helps you make sense of your money and take charge of your financial life. You have the power to pursue your savings, credit and general money goals with education, tools - and confidence. Scan this code to get started today at BetterMoneyHabits.com. When you use the QRC feature, certain information is collected from your mobile device for business purposes. Bank of America, N.A., Member FDIC. Equal Housing Lender ©2025 Bank of America Corporation. Terms and conditions apply. This is not a commitment to lend. Programs, rates, terms and conditions are subject to change without notice.",bofa_6420,1600.00,debit_to_cc_payments
2025-07-15,Discover (CONA) DES:NET/MOBILE ID:4001 INDN:VENKATASAIABHIR ADDEPA CO ID:4510020271 WEB,bofa_6420,1000.00,debit_to_cc_payments
2025-07-16,"Zelle payment from PRIYANKA AYYAGARI for ""top golf + country oven""; Conf# a6f2bv8vg",bofa_6420,50.31,transfers_to_others
2025-07-19,SEPHORA NATIONAL HARBO,chase_9200,116.70,personal_purchases
2025-07-21,PUNJAB SUPERMARKET,chase_9200,21.26,groceries
2025-07-21,SQ *CAKEWALA,chase_9200,36.03,personal_purchases
2025-07-21,WAL-MART #2412,chase_9200,37.40,personal_purchases
2025-07-28,Zelle payment to Anirudh Conf# wcxljr5cv,bofa_6420,1500.00,transfers_to_others
2025-07-28,Zelle payment to Anirudh Conf# y9o3gnfy1,bofa_6420,150.00,transfers_to_others
2025-08-01,Zelle Recurring payment to Sai Krishna ODU Conf# xiddggotq,bofa_6420,850.00,transfers_to_others
2025-08-01,CHASE CREDIT CRD DES:EPAY ID:8604023695 INDN:VENKATA SAI A ADDEPALL CO ID:5760039224 WEB,bofa_6420,1542.27,debit_to_cc_payments
2025-08-01,PUREFITNESS LLC,chase_9200,33.99,personal_purchases
2025-08-03,ZYTHUM BREWING CO HYDERABAD IND,discover_1263,29.48,personal_purchases
2025-08-04,IRS DES:USATAXPYMT ID:240561603364014 INDN:VENKATA SAI ABHIRAM AD CO ID:3387702000 WEB,bofa_6420,1400.00,rent_housing
2025-08-12,UBER *TRIP,chase_9200,65.98,personal_purchases
2025-08-14,DAVESHOTCHICKEN,chase_9200,33.92,personal_purchases
2025-08-26,Hotel at Booking.com,chase_9200,607.93,personal_purchases
2025-08-26,wanderu.com,chase_9200,62.00,personal_purchases
2025-08-28,WWW.OGXPRO* THE ONE IN,chase_9200,108.00,personal_purchases
2025-08-30,BAR/CODE,chase_9200,21.78,personal_purchases
2025-08-30,TST*ROWDY ROOSTER MIDTOW,chase_9200,44.64,personal_purchases
2025-08-30,NYC ICE CREAM INC,chase_9200,21.13,personal_purchases
2025-08-31,UBER *TRIP,chase_9200,28.68,personal_purchases
2025-09-01,ROTI ROLL-SUITE BAR,chase_9200,29.94,personal_purchases
2025-09-01,TST*ROWDY ROOSTER MIDTOW,chase_9200,20.41,personal_purchases
2025-09-01,PUREFITNESS LLC,chase_9200,33.99,personal_purchases
2025-09-02,Zelle Recurring payment to Sai Krishna ODU Conf# zsbgqoqvg,bofa_6420,850.00,transfers_to_others
2025-09-02,The Tippler,chase_9200,24.00,personal_purchases
2025-09-02,STATUE CRUISES,chase_9200,51.00,personal_purchases
2025-09-02,UBER *TRIP,chase_9200,20.91,personal_purchases
2025-09-08,CHASE CREDIT CRD DES:EPAY ID:8699968308 INDN:VENKATA SAI A ADDEPALL CO ID:5760039224 WEB,bofa_6420,1483.39,debit_to_cc_payments
2025-09-12,Zelle payment to Manish ODU Conf# u0raf7x5j,bofa_6420,1500.00,transfers_to_others
2025-09-18,DOMINO'S 4620,chase_9200,25.41,personal_purchases
2025-09-21,UBER *TRIP,chase_9200,38.74,personal_purchases
2025-09-22,Zelle payment to Manish ODU Conf# wtdldbf2s,bofa_6420,3500.00,transfers_to_others
2025-09-25,Roosters,chase_9200,52.00,personal_purchases
2025-09-25,AIO SMOKE AND VAPE CHANTI,chase_9200,26.49,personal_purchases
2025-09-30,COSTCO WHSE #0218,chase_9200,144.78,groceries
2025-10-01,Discover (CONA) DES:NET/MOBILE ID:4001 INDN:VENKATASAIABHIR ADDEPA CO ID:4510020271 WEB,bofa_6420,2000.00,debit_to_cc_payments
2025-10-05,SQ *TIFFIN HUT,chase_9200,91.08,personal_purchases
2025-10-06,SHELL12659468008 LEESBURG VA,discover_1263,30.72,personal_purchases
2025-10-10,CHASE CREDIT CRD DES:EPAY ID:8787212277 INDN:VENKATA SAI A ADDEPALL CO ID:5760039224 WEB,bofa_6420,700.00,debit_to_cc_payments
2025-10-14,Zelle payment to TECH TREK STAFFING LLC Conf# t0rocigzf,bofa_6420,100.00,transfers_to_others
2025-10-15,PATEL BROTHERS ASHBURN,chase_9200,50.61,personal_purchases
2025-10-17,Discover (CONA) DES:NET/MOBILE ID:4001 INDN:VENKATASAIABHIR ADDEPA CO ID:4510020271 WEB,bofa_6420,750.00,debit_to_cc_payments
2025-10-17,IN AND OUT MARKET,chase_9200,34.97,personal_purchases
2025-10-30,TST*HASHTAG INDIA - ASHB,chase_9200,74.15,personal_purchases
2025-10-30,HARRIS TEETER #284 BROADLANDS VA,discover_1263,49.05,groceries
2025-11-02,HARRIS TEETER #0230,chase_9200,33.33,groceries
2025-11-03,"Zelle payment from SAI KRISHNA MAHANKALI for ""Rent""; Conf# hgp9u7fo6",bofa_6420,750.00,rent_housing
2025-11-03,"Zelle payment to Shaukat MD for ""November Rent""; Conf# tk9dm6bo6",bofa_6420,1000.00,rent_housing
2025-11-03,Zelle payment to SIMPLE GLOBAL INC Conf# x7b0lh7qt,bofa_6420,1000.00,rent_housing
2025-11-03,SMOKE N VAPE OF ASHBURN,chase_9200,34.97,personal_purchases
2025-11-04,HARRIS TEETER #0230,chase_9200,40.29,groceries
2025-11-05,DISCOVER DES:E-PAYMENT ID:1263 INDN:ADDEPALLI ABHIRAM CO ID:2510020270 WEB,bofa_6420,56.19,debit_to_cc_payments
2025-11-07,CHASE CREDIT CRD DES:EPAY ID:8860232219 INDN:VENKATA SAI A ADDEPALL CO ID:5760039224 WEB,bofa_6420,500.00,debit_to_cc_payments
2025-11-09,SQ *CHOPATHI INDIA KITCHE Elkridge MD,chase_4303,34.95,personal_purchases
2025-11-10,WAL-MART #5228 COLUMBIA MD,chase_4303,23.82,personal_purchases
2025-11-11,LOTTE PLAZA CATONSVILLE BALTIMORE MD,chase_4303,166.13,personal_purchases
2025-11-11,VFS Services USA Inc. Washington DC DC,chase_4303,146.86,personal_purchases
2025-11-11,COSTCO WHSE #1000 ELKRIDGE MD,chase_4303,82.03,groceries
2025-11-11,IN AND OUT MARKET,chase_9200,31.79,personal_purchases
2025-11-11,COSTCO WHSE #0334,chase_9200,28.91,groceries
2025-11-13,PLANET OF THE... 512-8889385 TX,chase_4303,175.81,personal_purchases
2025-11-15,HOWARD WINE AND SPIRITS ELKRIDGE MD,chase_4303,20.69,alcohol_or_parties
2025-11-15,HARRIS TEETER #0230,chase_9200,20.66,groceries
2025-11-17,American Eagle 2039 Hanover MD,chase_4303,57.16,personal_purchases
2025-11-17,RUE21 6655 HANOVER MD,chase_4303,43.44,personal_purchases
2025-11-18,Zelle payment to SIVAKRISHNA MEDA Conf# t8quphsn6,bofa_6420,1000.00,transfers_to_others
2025-11-18,Zelle payment to VISWESWARA MEDA Conf# y0e70nf4d,bofa_6420,1000.00,transfers_to_others
2025-11-18,VFS Services USA Inc. Washington DC DC,chase_4303,146.86,personal_purchases
2025-11-19,WALMART.COM,chase_9200,83.20,groceries
2025-11-21,EB *DMV BOLLYWOOD PUNJ,chase_9200,51.99,personal_purchases
2025-11-21,PY *THE HORSE YOU CAME I BALTIMORE MD,discover_1263,125.00,personal_purchases
2025-11-22,HOWARD WINE AND SPIRITS ELKRIDGE MD,chase_4303,34.87,alcohol_or_parties
2025-11-22,SRI SIVA VISHNU TEMPLE,chase_9200,83.00,personal_purchases
2025-11-26,WALMART.COM,chase_9200,62.24,groceries
2025-11-26,ULTA #751,chase_9200,34.99,personal_purchases
2025-11-28,EB *DC BOLLYWOOD KAALA 8014137200 CA,chase_4303,155.50,personal_purchases
2025-11-28,JONATHAN'S FRES,chase_9200,21.85,personal_purchases
2025-11-29,SQ *BRIAN'S DOTS Baltimore MD,chase_4303,31.80,personal_purchases
2025-11-30,KOI 301-3460001 DC,chase_4303,32.50,personal_purchases
2025-12-01,"Zelle payment to Shaukat MD for ""Rent - November""; Conf# x41xamvpz",bofa_6420,1250.00,rent_housing
2025-12-01,PUREFITNESS LLC 344-4770005 VA,chase_4303,33.99,personal_purchases
2025-12-01,TOUS LES JOURS ELLICOTT ELLICOTT CITY MD,chase_4303,21.59,personal_purchases
2025-12-02,UBER *TRIP,chase_9200,39.98,personal_purchases
2025-12-03,CHASE CREDIT CRD DES:EPAY ID:8929310446 INDN:VENKATA SAI A ADDEPALL CO ID:5760039224 WEB,bofa_6420,918.69,debit_to_cc_payments
2025-12-03,JOINFREEDELIVERYCOM,chase_9200,25.00,personal_purchases
2025-12-04,DOMINO'S 4620 COLUMBIA MD,chase_4303,21.18,personal_purchases
2025-12-05,COSTCO WHSE #1000 ELKRIDGE MD,chase_4303,246.99,groceries
2025-12-05,KROGER FUEL #3555 TABB VA,discover_1263,42.87,groceries
2025-12-05,MOXY VIRGINIA BEACH VIRGINIA BEACVA,discover_1263,30.00,personal_purchases
2025-12-05,MOXY VIRGINIA BEACH VIRGINIA BEACVA,discover_1263,36.00,personal_purchases
2025-12-05,SPO*MOMOKITCHEN NORFOLK VA,discover_1263,28.10,personal_purchases
2025-12-06,T J MAXX #1250 COLUMBIA MD,chase_4303,31.79,personal_purchases
2025-12-07,COSTCO GAS #1000 ELKRIDGE MD,chase_4303,31.81,groceries
2025-12-07,DWARAKAS BAWARCHI INDIAN COLUMBIA MD,chase_4303,39.20,personal_purchases
2025-12-10,DISCOVER DES:E-PAYMENT ID:1263 INDN:ADDEPALLI ABHIRAM CO ID:2510020270 WEB,bofa_6420,314.16,debit_to_cc_payments
2025-12-12,Zelle payment to Manish ODU Conf# x56g43otm,bofa_6420,500.00,transfers_to_others
2025-12-14,DD *PIZZATWIST 6506819470 CA,discover_1263,35.35,personal_purchases
2025-12-15,JOINFREEDELIVERYCOM,chase_9200,25.00,personal_purchases
2025-12-16,PRICELN*COURTYARD BY M 203-299-8000 CT,discover_1263,146.59,personal_purchases
2025-12-25,STARBUCKS STORE 78760 NEW YORK NY,discover_1263,28.47,personal_purchases
2025-12-25,TST*BOMBAYS INDIAN CUI MANHATTAN NY,discover_1263,100.00,personal_purchases
2025-12-25,TST*SARAVANAA BHAVAN- EDISON NJ,discover_1263,74.63,personal_purchases
2025-12-25,ZMH - GRAB AND GO NEW YORK NY,discover_1263,28.58,personal_purchases
2025-12-26,BAPS SHAYONA- CAFE ROBBI WINDSOR NJ,discover_1263,55.59,personal_purchases
2025-12-26,BAPS SHAYONA- SHOP ROBBI WINDSOR NJ,discover_1263,62.47,personal_purchases
2025-12-29,BAPS SHAYONA- SHOP ROBBI WINDSOR NJ,discover_1263,22.75,personal_purchases
2025-12-29,HYATT HOUSE JC F&B JERSEY CITY NJ,discover_1263,100.00,personal_purchases
2025-12-30,LUKOIL 69707 WOODLYN PA,discover_1263,41.00,personal_purchases
2025-12-30,SQ *DOMINIQUE ANSEL BA NEW YORK NY,discover_1263,27.22,personal_purchases
2025-12-31,Zelle payment to ANIL VASIREDDI Conf# sk4kr7txm,bofa_6420,1000.00,transfers_to_others
2025-12-31,BOULEVARD FINE WINE OWINGS MILLS MD,discover_1263,95.84,personal_purchases
2026-01-01,PLANET OF THE...,chase_9200,32.45,personal_purchases
2026-01-02,Zelle payment to Shaukat MD Conf# ugz8dovfj,bofa_6420,1250.00,rent_housing
2026-01-02,NATIONAL AQUARIUM INC,chase_9200,216.55,personal_purchases
2026-01-03,TST*OSTERIA AL VOLO,chase_9200,276.45,personal_purchases
2026-01-07,CHASE CREDIT CRD DES:EPAY ID:9020764297 INDN:VENKATA SAI A ADDEPALL CO ID:5760039224 WEB,bofa_6420,600.00,debit_to_cc_payments
2026-01-11,DAVES HOT CHICKEN 1157 VIENNA VA,discover_1263,34.70,personal_purchases
2026-01-12,CHASE CREDIT CRD DES:EPAY ID:9034052106 INDN:VENKATA SAI A ADDEPALL CO ID:5760039224 WEB,bofa_6420,100.00,debit_to_cc_payments
2026-01-18,DOLLAR TREE STERLING VA,discover_1263,42.67,personal_purchases
2026-01-18,WALMART STORE 02038 STERLING VA,discover_1263,73.30,groceries
2026-01-20,Zelle payment to Divya ODU Conf# yquc0mdy6,bofa_6420,80.00,transfers_to_others
2026-01-22,LOTTE PLAZA CATONSVILLE BALTIMORE MD,discover_1263,192.19,personal_purchases
2026-01-23,CHASE CREDIT CRD DES:EPAY ID:9063355847 INDN:VENKATA SAI A ADDEPALL CO ID:5760039224 WEB,bofa_6420,100.00,debit_to_cc_payments
2026-01-29,REISTERSTOWN WINE & SPIR REISTERSTOWN,discover_1263,24.38,personal_purchases
2026-01-30,CHECKCARD 0129 EMIRATES AI 17622055622 416-5536889 NY 24717056030870300310410,bofa_6420,884.49,personal_purchases
2026-01-30,RIOT* AN61YUJBCYMY 866-373-9211 CA,discover_1263,21.19,personal_purchases
2026-02-02,Zelle payment to Shaukat MD Conf# skgf6ea4s,bofa_6420,1250.00,rent_housing
2026-02-06,DAVES HOT CHICKEN 1164 OWINGS MILLS MD,discover_1263,22.76,personal_purchases
2026-02-09,DISCOVER DES:E-PAYMENT ID:1263 INDN:ADDEPALLI ABHIRAM CO ID:2510020270 WEB,bofa_6420,167.71,debit_to_cc_payments
2026-02-10,Discover (CONA) DES:NET/MOBILE ID:4001 INDN:VENKATASAIABHIR ADDEPA CO ID:4510020271 WEB,bofa_6420,1000.00,debit_to_cc_payments
2026-02-11,DISCOVER DES:E-PAYMENT ID:1263 INDN:ADDEPALLI ABHIRAM CO ID:2510020270 WEB,bofa_6420,38.39,debit_to_cc_payments
2026-02-13,TST*BARCOCINA,chase_9200,270.12,personal_purchases
2026-02-16,LOUDOUN COUNTY GENERAL DI,chase_9200,218.40,personal_purchases
2026-02-17,CHASE CREDIT CRD DES:EPAY ID:9128948842 INDN:VENKATA SAI A ADDEPALL CO ID:5760039224 WEB,bofa_6420,656.94,debit_to_cc_payments
2026-02-21,GIANT 920,chase_9200,26.74,groceries
2026-02-22,SQ *TRIVENI FOODCOURT,chase_9200,36.01,personal_purchases
2026-02-22,SQ *TRIVENI FOODCOURT,chase_9200,21.18,personal_purchases
2026-02-23,DOMINO'S 4616 REISTERSTOWN MD,discover_1263,21.71,personal_purchases
2026-02-27,DISCOVER DES:E-PAYMENT ID:1263 INDN:ADDEPALLI ABHIRAM CO ID:2510020270 WEB,bofa_6420,21.71,debit_to_cc_payments
2026-02-28,DAVES HOT CHICKEN 1164,chase_9200,44.46,personal_purchases
2026-03-02,Zelle payment to Shaukat MD Conf# xb9fcassj,bofa_6420,1350.00,rent_housing
2026-03-06,CHASE CREDIT CRD DES:EPAY ID:9176701677 INDN:VENKATA SAI A ADDEPALL CO ID:5760039224 WEB,bofa_6420,500.00,debit_to_cc_payments
2026-03-06,DOMINO'S 4616,chase_9200,21.71,personal_purchases
2026-03-07,5 OCLOCK WINES & SPIRITS,chase_9200,26.14,alcohol_or_parties
2026-03-07,EB *DMVS RAASLEELA-BOL,chase_9200,89.22,personal_purchases
2026-03-08,MCDONALD'S M2371 OF VA,chase_9200,23.82,personal_purchases
2026-03-10,CHASE CREDIT CRD DES:EPAY ID:9188496333 INDN:VENKATA SAI A ADDEPALL CO ID:5760039224 WEB,bofa_6420,200.00,debit_to_cc_payments
2026-03-12,BESTBUYCOM807154235771,chase_9200,1099.00,personal_purchases
2026-03-12,LUFTHAN 2202243120131,chase_9200,1251.34,personal_purchases
2026-03-13,REISTERSTOWN WINE & SPIR,chase_9200,26.14,personal_purchases
2026-03-14,7-ELEVEN 29741,chase_9200,28.52,personal_purchases
2026-03-17,CHASE CREDIT CRD DES:EPAY ID:9207322305 INDN:VENKATA SAI A ADDEPALL CO ID:5760039224 WEB,bofa_6420,1800.00,debit_to_cc_payments
2026-03-18,BWW HANOVER 770,chase_9200,130.00,personal_purchases
2026-03-22,CLAUDE.AI SUBSCRIPTION,chase_9200,21.20,personal_purchases
2026-03-23,CHASE CREDIT CRD DES:EPAY ID:9221596258 INDN:VENKATA SAI A ADDEPALL CO ID:5760039224 WEB,bofa_6420,700.00,debit_to_cc_payments
2026-03-26,RIOT* AN6KK9QM5DF1 866-373-9211 CA,discover_1263,21.19,personal_purchases
2026-04-01,Zelle payment to Shaukat MD Conf# zkesk3bep,bofa_6420,1350.00,rent_housing
2026-04-01,BEST TAX FILER,chase_9200,87.98,personal_purchases
2026-04-05,AMF Pikesville Lanes,chase_9200,123.67,personal_purchases
2026-04-05,340 BOWLERO PIKESVILLE,chase_9200,32.00,personal_purchases
2026-04-05,LOTTE PLAZA CATONSVILLE,chase_9200,191.73,personal_purchases
2026-04-06,CHASE CREDIT CRD DES:EPAY ID:9261125135 INDN:VENKATA SAI A ADDEPALL CO ID:5760039224 WEB,bofa_6420,150.00,debit_to_cc_payments
2026-04-09,CHASE CREDIT CRD DES:EPAY ID:9270508636 INDN:VENKATA SAI A ADDEPALL CO ID:5760039224 WEB,bofa_6420,400.00,debit_to_cc_payments
2026-04-10,BOULEVARD FINE WINE,chase_9200,28.32,personal_purchases
2026-04-16,Discover (CONA) DES:NET/MOBILE ID:4001 INDN:VENKATASAIABHIR ADDEPA CO ID:4510020271 WEB,bofa_6420,270.00,debit_to_cc_payments
2026-04-18,BKJ INC,chase_9200,115.00,personal_purchases
2026-04-19,HCW ATTRACTIONS/FOODSE,chase_9200,257.25,personal_purchases
2026-04-19,SQ *TRIVENI FOODCOURT,chase_9200,30.72,personal_purchases
2026-04-19,SQ *TRIVENI FOODCOURT,chase_9200,26.48,personal_purchases
2026-04-21,CHASE CREDIT CRD DES:EPAY ID:9303578238 INDN:VENKATA SAI A ADDEPALL CO ID:5760039224 WEB,bofa_6420,600.00,debit_to_cc_payments
2026-04-22,CLAUDE.AI SUBSCRIPTION,chase_9200,21.20,personal_purchases
2026-04-24,5 OCLOCK WINES & SPIRITS,chase_9200,83.49,alcohol_or_parties
2026-05-01,Zelle payment to Shaukat MD Conf# y4sqj9cf1,bofa_6420,1050.00,rent_housing
2026-05-01,CHASE CREDIT CRD DES:EPAY ID:9328765087 INDN:VENKATA SAI A ADDEPALL CO ID:5760039224 WEB,bofa_6420,200.00,debit_to_cc_payments
2026-05-03,TST*HASHTAG INDIA - AS ASHBURN VA,discover_1263,46.59,personal_purchases
2026-05-05,SOUTHWES 800-435-9792 TX,discover_1263,154.40,personal_purchases
2026-05-05,SOUTHWES 800-435-9792 TX,discover_1263,180.20,personal_purchases
2026-05-09,TRIVENI SUPERMARKET MARY ELLICOTT,discover_1263,123.60,groceries
2026-05-22,CLAUDE.AI SUBSCRIPTION,chase_9200,21.20,personal_purchases
2026-05-23,LOTTE PLAZA CATONSVILLE,chase_9200,238.92,personal_purchases
2026-05-26,SPO*LONEOAKFARMBREWINGCOM,chase_9200,73.56,personal_purchases
